{"accuracy": [0.904150664806366, 0.9325501322746277, 0.9350543022155762, 0.9371285438537598, 0.9390104413032532, 0.940660834312439, 0.9418843388557434, 0.9431048631668091, 0.9437421560287476, 0.9445147514343262], "loss": [0.21571612358093262, 0.1235046535730362, 0.1149163618683815, 0.10919757932424545, 0.10480187833309174, 0.10110420733690262, 0.0980164036154747, 0.09539075940847397, 0.09360788762569427, 0.09173182398080826], "val_accuracy": [0.9294990301132202, 0.9280921816825867, 0.9258314967155457, 0.9249055981636047, 0.9266611933708191, 0.9181838035583496, 0.9195666313171387, 0.9176426529884338, 0.9182078242301941, 0.9126163125038147], "val_loss": [0.13182342052459717, 0.1285932958126068, 0.1276513636112213, 0.12721432745456696, 0.13751181960105896, 0.13202573359012604, 0.1364617794752121, 0.14040450751781464, 0.14557002484798431, 0.14831261336803436]}